,category,sub_category
0,Restaurants,Chinese
1,Restaurants,Mexican
2,Restaurants,Breakfast & Brunch
3,Restaurants,Italian
4,Restaurants,American
5,Restaurants,Barbecue
6,Restaurants,Japanese
7,Restaurants,Latin American
8,Restaurants,Sushi Bars
9,Restaurants,Caribbean
10,Restaurants,Halal
11,Restaurants,Indian
12,Restaurants,Mediterranean
13,Restaurants,Asian Fusion
14,Restaurants,Thai
15,Restaurants,Noodles
16,Restaurants,Korean
17,Restaurants,Vegan
18,Restaurants,French
19,Restaurants,Middle Eastern
20,Restaurants,Spanish
21,Restaurants,Steakhouses
22,Restaurants,Lounges
23,Restaurants,Diners
24,Restaurants,Greek
25,Restaurants,Vegetarian
26,Restaurants,Ramen
27,Restaurants,Dim Sum
28,Restaurants,Tapas/Small Plates
29,Restaurants,Colombian
30,Restaurants,Dominican
31,Restaurants,Vietnamese
32,Restaurants,Peruvian
33,Restaurants,Wraps
34,Restaurants,Soul Food
35,Restaurants,Gluten-Free
36,Restaurants,Cantonese
37,Restaurants,Cuban
38,Restaurants,Gastropubs
39,Restaurants,Pasta Shops
40,Restaurants,Szechuan
41,Restaurants,African
42,Restaurants,Creperies
43,Restaurants,Irish
44,Restaurants,Pakistani
45,Restaurants,Southern
46,Restaurants,Filipino
47,Restaurants,Anhui
48,Restaurants,Acehnese
49,Restaurants,Afghan
50,Restaurants,Abruzzo
51,Restaurants,Andhra
52,Restaurants,Arabic
53,Restaurants,Argentinian
54,Restaurants,Asian
55,Restaurants,Australian
56,Restaurants,Austrian
57,Restaurants,Awadhi
58,Restaurants,Azerbaijani
59,Restaurants,Baden
60,Restaurants,Balinese
61,Restaurants,Buffet
62,Restaurants,Chicken
63,Restaurants,Family
64,Restaurants,Hamburger
65,Restaurants,Indonesian
66,Restaurants,Pizza
67,Restaurants,Turkish
68,Restaurants,Western
69,Restaurants,Sichuan
70,Shopping,Fashion
71,Shopping,International Grocery
72,Shopping,Jewelry
73,Shopping,Women's Clothing
74,Shopping,Drugstores
75,Shopping,"Books, Mags, Music & Video"
76,Shopping,Accessories
77,Shopping,Furniture Stores
78,Shopping,Shoe Stores
79,Shopping,Convenience Stores
80,Shopping,Men's Clothing
81,Shopping,Antiques
82,Shopping,Sporting Goods
83,Shopping,Sports Wear
84,Shopping,Sports Wear
85,Shopping,Home Decor
86,Shopping,Videos & Video Game Rental
87,Shopping,Leather Goods
88,Shopping,Department Stores
89,Shopping,Watches
90,Shopping,Discount Store
91,Shopping,Music & DVDs
92,Shopping,Book store
93,Shopping,Toy Stores
94,Shopping,Lingerie
95,Shopping,Mattresses
96,Shopping,Bridal
97,Shopping,Wholesale Stores
98,Shopping,Personal Shopping
99,Shopping,Arts & Crafts
100,Shopping,Shopping Centers
101,Shopping,Hobby Shops
102,Shopping,Customized Merchandise
103,Shopping,"Used, Vintage & Consignment"
104,Shopping,Pop-up Shops
105,Shopping,Fur Clothing
106,Shopping,Flowers & Gifts
107,Shopping,Malls
108,Shopping,Shops
109,Shopping,Specialty Shops
110,Shopping,Airport Shops
111,Shopping,Farmers market
112,Shopping,Flea/ Street Markets
113,Shopping,Baby & children's clothing store
114,Shopping,Electronic shop
115,Shopping,Piano store
116,Shopping,Supermarket
117,Shopping,Silk store
118,Shopping,Mexican grocery store
119,Shopping,Japanese grocery store
120,Shopping,Vintage clothing store
121,Shopping,Welding supply store
122,Shopping,Vape Shops
123,Shopping,Building materials store
124,Shopping,Cell phone store
125,Shopping,Computer store
126,Shopping,Cosmetics store
127,Shopping,Tobacco shop
128,Nightlife,Bars
129,Nightlife,Cocktail Bars
130,Nightlife,Wine Bars
131,Nightlife,Sports Bars
132,Nightlife,Pubs
133,Nightlife,Music Venues
134,Nightlife,Beer Bar
135,Nightlife,Dance Clubs
136,Nightlife,Hookah Bars
137,Nightlife,Dive Bars
138,Nightlife,Karaoke
139,Nightlife,Irish Pub
140,Nightlife,Comedy Clubs
141,Nightlife,Pool Halls
142,Nightlife,Jazz & Blues
143,Nightlife,Tapas Bars
144,Nightlife,Beer Gardens
145,Nightlife,Gay Bars
146,Nightlife,Speakeasies
147,Nightlife,Airport Lounges
148,Nightlife,Whiskey Bars
149,Nightlife,"Beer, Wine & Spirits"
150,Nightlife,Cigar Bars
151,Nightlife,Tex-Mex
152,Nightlife,Portuguese
153,Nightlife,Cajun/Creole
154,Nightlife,Breweries
155,Nightlife,German
156,Nightlife,Tiki Bars
157,Nightlife,Jazz Bars
158,Nightlife,Performances
159,Nightlife,Blues Bars
160,Nightlife,Piano Bar
161,Nightlife,Country Western Bars
162,Nightlife,Poke bar
163,Nightlife,Cider bar
164,Nightlife,Night Club
165,Active Life,Fitness & Instruction
166,Active Life,Trainers
167,Active Life,Gyms
168,Active Life,Martial Arts
169,Active Life,Yoga
170,Active Life,Dance Studios
171,Active Life,Summer Camps
172,Active Life,Pilates
173,Active Life,Meditation Centers
174,Active Life,Sports Clubs
175,Active Life,Boot Camps
176,Active Life,Playgrounds
177,Active Life,Boxing
178,Active Life,Child Care & Day Care
179,Active Life,Taekwondo
180,Active Life,Amateur Sports Teams
181,Active Life,Tennis
182,Active Life,Kickboxing
183,Active Life,Swimming Lessons/Schools
184,Active Life,Karate
185,Active Life,Day Camps
186,Active Life,Golf
187,Active Life,Boating
188,Active Life,Interval Training Gyms
189,Active Life,Soccer
190,Active Life,Swimming Pools
191,Active Life,Reiki
192,Active Life,Physical Therapy
193,Active Life,Bike Rentals
194,Active Life,Cardio Classes
195,Active Life,Brazilian Jiu-jitsu
196,Active Life,Weight Loss Centers
197,Active Life,Recreation Centers
198,Active Life,Self-defense Classes
199,Active Life,Barre Classes
200,Active Life,Life Coach
201,Active Life,Senior Centers
202,Active Life,Fishing
203,Active Life,Gymnastics
204,Active Life,Health Coach
205,Active Life,Amusement Parks
206,Active Life,Basketball Courts
207,Active Life,Cycling Classes
208,Active Life,Muay Thai
209,Active Life,Bowling
210,Active Life,Tai Chi
211,Active Life,Bikes
212,Active Life,Hiking
213,Active Life,Beaches
214,Active Life,Golf Lessons
215,Active Life,Indoor Playcentre
216,Active Life,Skating Rinks
217,Active Life,Rafting/Kayaking
218,Active Life,Baseball Fields
219,Active Life,Circuit Training Gyms
220,Active Life,Escape Games
221,Active Life,Arcades
222,Active Life,Fencing Clubs
223,Active Life,Qi Gong
224,Active Life,Team Building Activities
225,Active Life,Races & Competitions
226,Active Life,Sailing
227,Active Life,Supernatural Readings
228,Active Life,Chinese Martial Arts
229,Active Life,Sports Camps/ Clinics
230,Active Life,Horseback Riding Stables
231,Active Life,Motorcycle Trails
232,Active Life,Cross-country Ski Areas
233,Active Life,Zoos
234,Active Life,Surf Camps
235,Active Life,Off road/All Terrain Vehicle Trails
236,Active Life,Stand-Up Paddleboarding
237,Active Life,Water sports
238,Active Life,Sports Complexes
239,Active Life,Aquariums
240,Active Life,Tourist attraction
241,Automotive,Auto Repair
242,Automotive,Towing
243,Automotive,Gas Stations
244,Automotive,Body Shops
245,Automotive,Car Dealers
246,Automotive,Tires
247,Automotive,Parking
248,Automotive,Auto Detailing
249,Automotive,Car Wash
250,Automotive,Auto Parts & Supplies
251,Automotive,Oil Change Stations
252,Automotive,Auto Glass Services
253,Automotive,Used Car Dealers
254,Automotive,Transmission Repair
255,Automotive,Roadside Assistance
256,Automotive,Vehicle Wraps
257,Automotive,Car Stereo Installation
258,Automotive,Auto Customization
259,Automotive,Vehicle Shipping
260,Automotive,Car Window Tinting
261,Automotive,Commercial Truck Repair
262,Automotive,Car Buyers
263,Automotive,Windshield Installation & Repair
264,Automotive,Wheel & Rim Repair
265,Automotive,Motorcycle Dealers
266,Automotive,Auto Loan Providers
267,Automotive,Car Brokers
268,Automotive,Motorcycle Repair
269,Automotive,Transportation
270,Automotive,Mobility Equipment Sales & Services
271,Automotive,Auto Security
272,Automotive,Car window tinting service
273,Automotive,Car wheel polishing service
274,Automotive,Car store
275,Automotive,Auto parts store
276,Beauty & Spas,Hair Salons
277,Beauty & Spas,Nail Salons
278,Beauty & Spas,Hair Removal
279,Beauty & Spas,Cosmetics & Beauty Supply
280,Beauty & Spas,Barbers
281,Beauty & Spas,Skin Care
282,Beauty & Spas,Hair Stylists
283,Beauty & Spas,Eyelash Service
284,Beauty & Spas,Waxing
285,Beauty & Spas,Makeup Artists
286,Beauty & Spas,Massage
287,Beauty & Spas,Day Spas
288,Beauty & Spas,Medical Spas
289,Beauty & Spas,Hair Extensions
290,Beauty & Spas,Eyebrow Services
291,Beauty & Spas,Laser Hair Removal
292,Beauty & Spas,Permanent Makeup
293,Beauty & Spas,Massage Therapy
294,Beauty & Spas,Tattoo
295,Beauty & Spas,Tanning
296,Beauty & Spas,Threading Services
297,Beauty & Spas,Nail Technicians
298,Beauty & Spas,Blow Dry/Out Services
299,Beauty & Spas,Body Contouring
300,Beauty & Spas,Reflexology
301,Beauty & Spas,Piercing
302,Beauty & Spas,Wigs
303,Beauty & Spas,Teeth Whitening
304,Beauty & Spas,Men's Hair Salons
305,Beauty & Spas,Spray Tanning
306,Beauty & Spas,Perfume
307,Beauty & Spas,Hair Loss Centers
308,Beauty & Spas,Estheticians
309,Beauty & Spas,Cosmetic Surgeons
310,Beauty & Spas,Aestheticians
311,Beauty & Spas,Acne Treatment
312,Beauty & Spas,Acupuncture
313,Beauty & Spas,IV Hydration
314,Beauty & Spas,Kids Hair Salons
315,Beauty & Spas,Tattoo Removal
316,Beauty & Spas,Roman baths
317,Beauty & Spas,Arab baths
318,Beauty & Spas,Hammams & Turkish baths
319,Beauty & Spas,Thermal spas
320,Home Services,Home Cleaning
321,Home Services,Plumbing
322,Home Services,HVAC Services
323,Home Services,Electricians
324,Home Services,Office Cleaning
325,Home Services,Roofing
326,Home Services,Interior Design
327,Home Services,Movers
328,Home Services,Building Supplies
329,Home Services,Flooring
330,Home Services,Landscaping
331,Home Services,Home & Garden
332,Home Services,Handyman
333,Home Services,Pressure Washers
334,Home Services,Lighting Fixtures & Equipment
335,Home Services,Home Health Care
336,Home Services,Security Systems
337,Home Services,Carpet Cleaning
338,Home Services,Home Inspectors
339,Home Services,Keys & Locksmiths
340,Home Services,Cabinetry
341,Home Services,Water Heater Services
342,Home Services,Carpenters
343,Home Services,Tree Services
344,Home Services,Siding
345,Home Services,Window Washing
346,Home Services,Drywall Installation & Repair
347,Home Services,Carpeting
348,Home Services,Tiling
349,Home Services,Kitchen & Bath
350,Home Services,Shades & Blinds
351,Home Services,Glass & Mirrors
352,Home Services,Fences & Gates
353,Home Services,Door Sales/Installation
354,Home Services,Refinishing Services
355,Home Services,Landscape Architects or Designers
356,Home Services,Decks & Railing
357,Home Services,Waterproofing
358,Home Services,Self Storage
359,Home Services,Garage Door Services
360,Home Services,Home Automation
361,Home Services,Home Theatre Installation
362,Home Services,Utilities
363,Home Services,Countertop Installation
364,Home Services,Lawn Services
365,Home Services,Chimney Sweeps
366,Home Services,Foundation Repair
367,Home Services,Pool & Hot Tub Service
368,Home Services,Air Duct Cleaning
369,Home Services,Laundry Services
370,Home Services,Furniture Assembly
371,Home Services,Fire Protection Services
372,Home Services,Solar Installation
373,Home Services,Carpet Installation
374,Home Services,Gardeners
375,Home Services,Babysister
376,Coffee & Tea,Bakeries
377,Coffee & Tea,Cafes
378,Coffee & Tea,Donuts
379,Coffee & Tea,Desserts
380,Coffee & Tea,Juice Bars & Smoothies
381,Coffee & Tea,Bagels
382,Coffee & Tea,Ice Cream & Frozen Yogurt
383,Coffee & Tea,Bubble Tea Store
384,Coffee & Tea,Custom Cakes
385,Coffee & Tea,Acai Bowls
386,Coffee & Tea,Coffee Roasteries
387,Coffee & Tea,Cupcakes
388,Coffee & Tea,Organic Stores
389,Coffee & Tea,Fruits & Veggies
390,Coffee & Tea,Patisserie/Cake Shop
391,Coffee & Tea,Empanadas
392,Coffee & Tea,Poke
393,Coffee & Tea,Chocolatiers & Shops
394,Coffee & Tea,Candy Stores
395,Coffee & Tea,Tea Rooms
396,Coffee & Tea,Gelato
397,Coffee & Tea,Waffles
398,Coffee & Tea,Coffeehouses
399,Coffee & Tea,Coffee shop
400,Coffee & Tea,Ice cream shop
401,Coffee & Tea,Internet cafe
402,Food,Grocery
403,Food,Specialty Food
404,Food,Delis
405,Food,Sandwiches
406,Food,Meat Shops
407,Food,Food Delivery Services
408,Food,Food Trucks
409,Food,Health Markets
410,Food,Seafood
411,Food,Seafood Markets
412,Food,Chicken Wings
413,Food,Burgers
414,Food,Fast Food
415,Food,Salad
416,Food,Food Stands
417,Food,Street Vendors
418,Food,Barbeque
419,Food,Chicken Shop
420,Food,
421,Food,Butcher shop
422,Food,Cheese Shops
423,Food,Tacos
424,Food,Kosher
425,Food,Soup
426,Food,Imported Food
427,Food,Hot Dogs
428,Food,Food Court
429,Food,Organic Food
430,Food,Bar & Grill
431,Food,Bagel shop
432,Food,Bakery
433,Food,Grocery store
434,Food,Soup kitchen
435,Arts & Entertainment,Performing Arts
436,Arts & Entertainment,Art Galleries
437,Arts & Entertainment,Psychics
438,Arts & Entertainment,Museums
439,Arts & Entertainment,Festivals
440,Arts & Entertainment,Social Clubs
441,Arts & Entertainment,Cinema
442,Arts & Entertainment,Astrologers
443,Arts & Entertainment,Psychic Mediums
444,Arts & Entertainment,Paint & Sip
445,Arts & Entertainment,Cultural Center
446,Arts & Entertainment,Framing
447,Arts & Entertainment,Veterans Organizations
448,Arts & Entertainment,Ticket Sales
449,Arts & Entertainment,Country Clubs
450,Arts & Entertainment,Stadiums & Arenas
451,Arts & Entertainment,Professional Sports Teams
452,Arts & Entertainment,Spiritual Shop
453,Arts & Entertainment,Art Museums
454,Arts & Entertainment,Magicians
455,Arts & Entertainment,Opera & Ballet
456,Arts & Entertainment,Recording & Rehearsal Studios
457,Arts & Entertainment,Studio Taping
458,Arts & Entertainment,Botanical Gardens
459,Arts & Entertainment,Casinos
460,Arts & Entertainment,Cabaret
461,Arts & Entertainment,Face Painting
462,Arts & Entertainment,Virtual Reality Centers
463,Arts & Entertainment,Natural History Museums
464,Arts & Entertainment,Children's Museums
465,Arts & Entertainment,Science Museums
466,Arts & Entertainment,Specialty Museums
467,Health & Medical,Doctors
468,Health & Medical,Internal Medicine
469,Health & Medical,Podiatrists
470,Health & Medical,Medical Centers
471,Health & Medical,Cardiologists
472,Health & Medical,Oncologist
473,Health & Medical,Family Practice
474,Health & Medical,Psychiatrists
475,Health & Medical,Obstetricians & Gynecologists
476,Health & Medical,Orthopedists
477,Health & Medical,Surgeons
478,Health & Medical,Pediatricians
479,Health & Medical,Hospitals
480,Health & Medical,Dentists
481,Health & Medical,Diagnostic Services
482,Health & Medical,Nutritionists
483,Health & Medical,Pharmacy
484,Health & Medical,Sports Medicine
485,Health & Medical,General Dentistry
486,Health & Medical,Radiologists
487,Health & Medical,Laboratory Testing
488,Health & Medical,Gastroenterologist
489,Health & Medical,Counseling & Mental Health
490,Health & Medical,Pain Management
491,Health & Medical,Neurologist
492,Health & Medical,Personal Care Services
493,Health & Medical,Dialysis Clinics
494,Health & Medical,Rehabilitation Center
495,Health & Medical,Cosmetic Dentists
496,Health & Medical,Anesthesiologists
497,Health & Medical,Vascular Medicine
498,Health & Medical,Plastic Surgeons
499,Health & Medical,Urologists
500,Health & Medical,Chiropractors
501,Health & Medical,Speech Therapists
502,Health & Medical,Naturopathic/Holistic
503,Health & Medical,Retirement Homes
504,Health & Medical,Hearing Aid Providers
505,Health & Medical,Urgent Care
506,Health & Medical,Allergists
507,Health & Medical,Vitamins & Supplements
508,Health & Medical,Acupuncture doctor
509,Health & Medical,Alternative medicine practitioner
510,Health & Medical,Dental clinic
511,Health & Medical,Dermatologist
512,Health & Medical,Family practice physician
513,Health & Medical,Health consultant
514,Health & Medical,Internist
515,Health & Medical,Medical clinic
516,Health & Medical,Obstetrician-gynecologist
517,Health & Medical,Occupational therapist
518,Health & Medical,Ophthalmologist
519,Health & Medical,Physical therapist
520,Health & Medical,Speech pathologist
521,Professional Services,Lawyers
522,Professional Services,Architects
523,Professional Services,Employment Agencies
524,Professional Services,Personal Injury Law
525,Professional Services,Divorce & Family Law
526,Professional Services,General Contractors
527,Professional Services,Real Estate Law
528,Professional Services,IT Services & Computer Repair
529,Professional Services,Criminal Defense Law
530,Professional Services,General Litigation
531,Professional Services,Immigration Law
532,Professional Services,Printing Services
533,Professional Services,Estate Planning Law
534,Professional Services,Business Law
535,Professional Services,Bankruptcy Law
536,Professional Services,Internet Service Providers
537,Professional Services,Legal Services
538,Professional Services,Wholesalers
539,Professional Services,Employment Law
540,Professional Services,Security Services
541,Professional Services,Career Counseling
542,Professional Services,Home Organization
543,Professional Services,Notaries
544,Professional Services,"Wills, Trusts, & Probates"
545,Professional Services,Telecommunications
546,Professional Services,Damage Restoration
547,Professional Services,Masonry/Concrete
548,Professional Services,Translation Services
549,Professional Services,Private Investigation
550,Professional Services,Editorial Services
551,Professional Services,DUI Law
552,Professional Services,Medical Law
553,Professional Services,Workers Compensation Law
554,Professional Services,Shipping Centers
555,Professional Services,Gutter Services
556,Professional Services,Commissioned Artists
557,Professional Services,Travel agency
558,Pets,Pet Services
559,Pets,Pet Sitting
560,Pets,Dog Walkers
561,Pets,Veterinarians
562,Pets,Pet Groomers
563,Pets,Pet Training
564,Pets,Pet Stores
565,Pets,Pet Boarding
566,Pets,Pet Photography
567,Pets,Pet Breeders
568,Pets,Pet Adoption
569,Pets,Animal Shelters
570,Pets,Pet Transportation
571,Pets,Dog Parks
572,Pets,Pet Waste Removal
573,Pets,Local Fish Stores
574,Pets,House Sitters
575,Pets,Holistic Animal Care
576,Pets,Pet Hospice
577,Pets,Emergency Pet Hospital
578,Pets,Pet Cremation Services
579,Pets,Horse Boarding
580,Pets,Pet Insurance
581,Pets,Pet supply store
582,Real Estate,Real Estate Agents
583,Real Estate,Apartments
584,Real Estate,Property Management
585,Real Estate,Commercial Real Estate
586,Real Estate,Shared Office Spaces
587,Real Estate,Real Estate Photography
588,Real Estate,Home Staging
589,Real Estate,Condominiums
590,Real Estate,Art Space Rentals
591,Real Estate,Estate Liquidation
592,Real Estate,Land Surveying
593,Real Estate,Real estate agency
594,Real Estate,Construction company
595,Real Estate,Corporate office
596,Real Estate,Government office
597,Real Estate,Warehouse
598,Real Estate,Apartment building
599,Real Estate,Condominium complex
600,Real Estate,Housing complex
601,Real Estate,Housing development
602,Real Estate,Housing society
603,Hotels,Hotel
604,Hotels,Holiday home
605,Hotels,Guest house
606,Hotels,Homestay
607,Hotels,Apartment
608,Hotels,Entire home & apartment
609,Hotels,Resort
610,Hotels,Villa
611,Hotels,Onsen Resort
612,Hotels,Motel
613,Hotels,Hostel
614,Hotels,Love Hotel
615,Hotels,Capsule Hotel
616,Hotels,Japanese-style Business Hotel
617,Hotels,ApartHotel
618,Hotels,Bed & breakfast
619,Hotels,Luxury tents
620,Hotels,Capsule hotel
621,Hotels,Guest house
622,Hotels,Inn
623,Hotels,1 star
624,Hotels,2 star
625,Hotels,3 star
626,Hotels,4 star
627,Hotels,5 star
628,Hotels,Lodge
629,Hotels,B&B Hotel
630,Hotels,Campground
631,Hotels,Camping cabin
632,Hotels,Holiday apartment rental
633,Travel & Tours,Limos
634,Travel & Tours,Travel Services
635,Travel & Tours,Hotels
636,Travel & Tours,Taxis
637,Travel & Tours,Tours
638,Travel & Tours,Airport Shuttles
639,Travel & Tours,Car Rental
640,Travel & Tours,Travel Agents
641,Travel & Tours,Town Car Service
642,Travel & Tours,Public Transportation
643,Travel & Tours,Buses
644,Travel & Tours,Metro Stations
645,Travel & Tours,Party Bus Rentals
646,Travel & Tours,Walking Tours
647,Travel & Tours,Train Stations
648,Travel & Tours,Airlines
649,Travel & Tours,Vacation Rentals
650,Travel & Tours,Bus Tours
651,Travel & Tours,Passport & Visa Services
652,Travel & Tours,Historical Tours
653,Travel & Tours,Wine Tours
654,Travel & Tours,Food Tours
655,Travel & Tours,Truck Rental
656,Travel & Tours,Boat Tours
657,Travel & Tours,Airports
658,Travel & Tours,Vacation Rental Agents
659,Travel & Tours,Bike tours
660,Travel & Tours,Guest Houses
661,Travel & Tours,Private Jet Charter
662,Travel & Tours,Medical Transportation
663,Travel & Tours,Ferries
664,Travel & Tours,Boat Charters
665,Travel & Tours,Bus Rental
666,Travel & Tours,Art Tours
667,Travel & Tours,Trains
668,Travel & Tours,Kayaking & canoeing
669,Travel & Tours,Stand-Up Paddleboarding
670,Travel & Tours,Waterskiing & jetskiing
671,Travel & Tours,Surfing
672,Travel & Tours,Windsurfing & Kitesurfing
673,Travel & Tours,Submarine tours
674,Travel & Tours,Shark diving
675,Travel & Tours,Scuba & snorkelling
676,Travel & Tours,River rafting & tubing
677,Travel & Tours,Parasailing & paragliding
678,Travel & Tours,Water sports
679,Travel & Tours,Speed boats tours
680,Travel & Tours,Duck tours
681,Travel & Tours,Boat rentals
682,Travel & Tours,Dolphin & whale watching
683,Travel & Tours,Fishing charters & tours
684,Travel & Tours,Gondola cruises
685,Travel & Tours,Horse-Drawn Carriage Tours
686,Travel & Tours,Zipline tours
687,Travel & Tours,Ski & snow tours
688,Travel & Tours,Climbing tours
689,Travel & Tours,Adrenaline & extreme tours
690,Local Services,Sewing & Alterations
691,Local Services,Laundromat
692,Local Services,Pest Control
693,Local Services,Appliances & Repair
694,Local Services,Dry Cleaning
695,Local Services,Junk Removal & Hauling
696,Local Services,Mobile Phones
697,Local Services,Couriers & Delivery Services
698,Local Services,Funeral Services & Cemeteries
699,Local Services,Mobile Phone Repair
700,Local Services,Electronics
701,Local Services,Furniture Reupholstery
702,Local Services,Snow Removal
703,Local Services,Hardware Stores
704,Local Services,Screen Printing/T-Shirt Printing
705,Local Services,Shoe Repair
706,Local Services,Electronics Repair
707,Local Services,Metal Fabricators
708,Local Services,Jewelry Repair
709,Local Services,TV Mounting
710,Local Services,Packing Services
711,Local Services,Environmental Abatement
712,Local Services,Signmaking
713,Local Services,Environmental Testing
714,Local Services,Mobile Phone Accessories
715,Local Services,Mailbox Centers
716,Local Services,Elevator Services
717,Local Services,Recycling Center
718,Local Services,Watch Repair
719,Local Services,Florist
720,Local Services,Demolition Services
721,Local Services,Appraisal Services
722,Local Services,Computers
723,Local Services,Appliances
724,Local Services,Data Recovery
725,Local Services,Septic Services
726,Local Services,Generator Installation/Repair
727,Local Services,Bike Repair/Maintenance
728,Local Services,Piano Services
729,Local Services,Furniture Repair
730,Local Services,Awnings
731,Local Services,Dumpster Rental
732,Local Services,Engraving
733,Local Services,Packing Supplies
734,Local Services,Community Gardens
735,Local Services,Nanny Services
736,Local Services,Machine & Tool Rental
737,Local Services,Home Network Installation
738,Local Services,Screen Printing
739,Local Services,Paint Stores
740,Local Services,Windows Installation
741,Local Services,Wildlife Control
742,Local Services,Gear rentals
743,Local Services,Ferries/ Boats
744,Local Services,Airport services
745,Local Services,Bus services
746,Local Services,Rail services
747,Local Services,Trams
748,Local Services,Airport & ground transfers
749,Event Planning & Services,Music Production Services
750,Event Planning & Services,Musicians
751,Event Planning & Services,DJs
752,Event Planning & Services,Photographers
753,Event Planning & Services,Videographers
754,Event Planning & Services,Session Photography
755,Event Planning & Services,Musical Instrument Services
756,Event Planning & Services,Party Equipment Rentals
757,Event Planning & Services,Audio/Visual Equipment Rental
758,Event Planning & Services,Venues & Event Spaces
759,Event Planning & Services,Talent Agencies
760,Event Planning & Services,Event Photography
761,Event Planning & Services,Party & Event Planning
762,Event Planning & Services,Vocal Coach
763,Event Planning & Services,Photo Booth Rentals
764,Event Planning & Services,Wedding Planning
765,Event Planning & Services,Sporting events & packages
766,Event Planning & Services,Cultural Events
767,Event Planning & Services,Seasonal Fireworks
768,Event Planning & Services,Exhibitions
769,Event Planning & Services,Music Festivals
770,Public Services & Government,Post Offices
771,Public Services & Government,Libraries
772,Public Services & Government,Parks
773,Public Services & Government,Landmarks & Historical Buildings
774,Public Services & Government,Police Departments
775,Public Services & Government,Community Centers
776,Public Services & Government,Embassy
777,Public Services & Government,Courthouses
778,Public Services & Government,Fire Departments
779,Public Services & Government,Departments of Motor Vehicles
780,Public Services & Government,Municipality
781,Public Services & Government,Community Service/Non-Profit
782,Public Services & Government,Jails & Prisons
783,Public Services & Government,Town Hall
784,Public Services & Government,Civic Center
785,Public Services & Government,Historic Sites
786,Public Services & Government,Ancient Ruins
787,Public Services & Government,Castles
788,Public Services & Government,Cemeteries
789,Public Services & Government,Churches/ Cathedrals
790,Public Services & Government,Government Buildings
791,Public Services & Government,Mines
792,Public Services & Government,Civic Centers
793,Public Services & Government,Landmarks/ Points of Interest
794,Public Services & Government,Architectural Buildings
795,Public Services & Government,Monuments/ StatuesBridges
796,Public Services & Government,Observation Decks/ Towers
797,Public Services & Government,Lookouts
798,Public Services & Government,Wharfs/ Piers/ Boardwalks
799,Public Services & Government,Fountains
800,Public Services & Government,Arenas/ Stadiums/ Fields
801,Public Services & Government,National Parks
802,Public Services & Government,State Parks
803,Public Services & Government,Valleys
804,Public Services & Government,Waterfalls
805,Public Services & Government,Water Parks
806,Public Services & Government,Non-profit organization
807,Financial Services,Insurance
808,Financial Services,Tax Services
809,Financial Services,Banks & Credit Unions
810,Financial Services,Investing
811,Financial Services,Financial Advising
812,Financial Services,Accountants
813,Financial Services,Life Insurance
814,Financial Services,Auto Insurance
815,Financial Services,Home & Rental Insurance
816,Financial Services,Payroll Services
817,Financial Services,Bookkeepers
818,Financial Services,Business Consulting
819,Financial Services,Check Cashing/Pay-day Loans
820,Financial Services,Business Financing
821,Financial Services,Debt Relief Services
822,Financial Services,Mortgage Lenders
823,Financial Services,Mortgage Brokers
824,Financial Services,Real Estate Services
825,Financial Services,Health Insurance Offices
826,Financial Services,Currency Exchange
827,Financial Services,Installment Loans
828,Education,Specialty Schools
829,Education,Elementary Schools
830,Education,Preschools
831,Education,Private Tutors
832,Education,Tutoring Centers
833,Education,Driving Schools
834,Education,Colleges & Universities
835,Education,Educational Services
836,Education,Test Preparation
837,Education,Dance Schools
838,Education,Art Classes
839,Education,Language Schools
840,Education,Art Schools
841,Education,CPR Classes
842,Education,Vocational & Technical School
843,Education,Adult Education
844,Education,Special Education
845,Education,Kids Activities
846,Education,College Counseling
847,Education,Musical Instruments & Teachers
848,Education,First Aid Classes
849,Education,Montessori Schools
850,Education,Painters
851,Education,Cosmetology Schools
852,Education,Parenting Classes
853,Education,Childbirth Education
854,Education,Speech Training
855,Education,Cooking Schools
856,Education,Doulas
857,Education,Firearm Training
858,Education,Private Schools
859,Education,Lactation Services
860,Education,Classes/Workshops
861,Education,Aviation school
862,Education,Education center
863,Education,High school
864,Education,Kindergarten
865,Education,Middle Schools
866,Education,School
867,Education,University
868,Local Flavor,Public Art
869,Local Flavor,Wine Tasting Room
870,Local Flavor,Wineries
871,Local Flavor,Caterers
872,Local Flavor,Comfort Food
873,Local Flavor,Parklets
874,Local Flavor,Art Installation
875,Local Flavor,Public Art
876,Local Flavor,Wine Tasting Room
877,Local Flavor,Caterers
878,Local Flavor,Comfort Food
879,Local Flavor,Parklets
880,Local Flavor,Art Installation
881,Local Flavor,Dinner Theaters
882,Local Flavor,Concerts
883,Local Flavor,Operas
884,Local Flavor,Symphonies
885,Local Flavor,Cabaret
886,Local Flavor,Theater & musicals
887,Local Flavor,Bowling Alleys
888,Local Flavor,Movie Theaters
889,Religious Organizations,Churches
890,Religious Organizations,Synagogues
891,Religious Organizations,Mosques
892,Religious Organizations,Hindu Temples
893,Religious Organizations,Buddhist Temples
894,Religious Organizations,Religious Schools
895,Religious Organizations,Churches
896,Religious Organizations,Pagoda
897,Religious Organizations,Hindu Temples
898,Religious Organizations,Buddhist Temples
899,Religious Organizations,Religious Schools
900,Religious Organizations,Place of worship
901,Religious Organizations,Buddhist temple
902,Religious Organizations,Gurudwara
903,Religious Organizations,Jain temple
904,Religious Organizations,Parsi temple
905,Religious Organizations,Shinto shrine
906,Religious Organizations,Shrine
907,Religious Organizations,Spiritist center
908,Mass Media,Print Media
909,Mass Media,Marketing
910,Mass Media,Web Design
911,Mass Media,Video/Film Production
912,Mass Media,Radio Stations
913,Mass Media,Advertising
914,Mass Media,Graphic Design
915,Mass Media,Television Stations
916,Mass Media,Newspapers & Magazines
917,Mass Media,Software Development
918,Mass Media,Public Relations
919,Mass Media,Vinyl Records
